{"input_size": 24, "hidden_size": 16, "learning_rate": 0.01, "W1": [[0.0908684170908384, -0.05360956251719893, -0.13642889717297105, -0.07264171885623781, 0.15768551002260126, -0.12981569651422373, 0.1453980203627656, -0.1002532445757743, -0.00891695432102683, 0.10879318473727323, 0.10788159920385036, -0.04551911513911077, 0.10574308828576678, 0.1530053017966722, 0.10524497112694468, -0.002209209755267905], [-0.18728837970841178, -0.06840808703155352, -0.05779029197300307, 0.0009520747369841942, -0.08051474194935353, -0.01006148538819963, 0.16284033772110085, 0.13144344084459206, 0.09210937544568384, 0.11797422316191804, -0.06447651130297163, 0.008578514231291549, 0.20879083304961352, -0.04282568537445157, 0.06515915958544383, 0.031135874686557045], [0.11173607992178017, -0.0006860772610066527, 0.08859772020193986, 0.16829364279069178, -0.09075770932787137, -0.0529960043932535, -0.1693097715113063, -0.1289017090629232, -0.05730316883608636, 0.1516833673141048, 0.01164046388787488, 0.0006758266009241924, 0.029537993498524408, 0.03793837007840381, -0.038168772941016345, -0.12229411341568075], [0.022947487464399438, -0.055976374918797894, 0.12608878096285986, -0.07866641424352248, 0.0908672293359693, -0.08806541172177615, -0.016649604678115913, 0.10833465595741297, -0.07515143097294728, 0.04594797675373721, 0.1752403338383095, 0.06602218853729061, 0.03303676121331112, 0.06644001863802464, 0.1121569716102153, -0.04201922574083771], [0.010292471131663171, 0.04751357592594049, 0.026969274686158843, 0.008903505859985332, -0.0025619081912443597, -0.07259487538950864, 0.28065720011243717, -0.07618913377119133, -0.07779068422733977, -0.1380911751033552, -0.0578509566158292, -0.03126091013094116, -0.1713272114659457, -0.11791492123757387, 0.023197865172677107, -0.1097804951405652], [-0.09256802197261266, -0.057860969732719654, -0.18216084533117924, 0.07220099748449557, 0.04699935601595992, -0.14864673040675733, -0.16364173927394063, 0.12210176532719327, -0.09572609612167976, 0.08332009996156645, -0.08365500082470666, -0.01857198884397526, -0.03020964867960254, -0.2040284394540661, 0.009920122261847198, -0.06732494586185911], [0.013774918784325614, -0.07460759500019205, -0.08285123008300274, 0.012144843277131022, 0.037106255414661345, -0.03830671108464107, -0.016648447820068125, 0.08615964195628863, -0.0886938510887149, -0.026087760772240662, -0.012566355330033507, -0.06588445370995337, -0.1071753895339441, 0.2215974317437093, -0.17278836565300287, 0.09392981101782415], [0.009957879840540654, -0.1869400258203669, -0.046547170596955435, -0.28930012052575205, -0.16414783272556735, -0.1160641645095598, -0.08317437003750049, -0.021744306401997714, 0.13845576569860288, -0.05625760336136439, 0.06443552916823819, -0.1079900057185093, -0.11166367716548398, -0.12746490486244166, -0.02854639855233409, -0.17159068447651826], [0.2685127632446471, 0.08233310821143504, 0.28112694640817626, 0.20837257463749145, 0.19002923470247954, 0.08129958808878211, 0.13978401903921844, 0.2428732752513819, 0.2502298569439466, -0.020171108465622384, 0.15481702784652976, 0.11708567492321223, 0.2827878597888081, 0.12835405092810587, 0.17624604151660175, 0.1576350046749997], [-0.058073784994064105, -0.18028549698836185, 0.14229285188596355, -0.12239195991205011, -0.03494518620750957, -0.14679329566169402, -0.05494126075462786, -0.1495440254365025, 0.0027923821301769234, 0.05837798245062885, -0.16841044097270502, 0.04297050191838117, -0.05646977364767161, -0.08156321164477745, -0.11847933671707035, -0.11841565581133986], [0.07419731737771476, 0.004875680965190121, 0.12055942858995258, 0.04777543982883037, 0.004556005953252209, 0.16987648579355658, 0.09654452408370678, -0.1269106761123812, -0.04071295552061741, 0.21657266312496598, 0.13198782484135918, 0.09297105216781715, 0.09230790419179427, -0.020122783307579134, 0.2039629665072238, 0.2640660108050112], [0.1122489418695776, -0.1077478091594414, -0.19281209928807896, -0.09624710035512338, -0.22709639536067006, -0.054107852214444356, -0.06831607899394994, -0.004118027065319154, -0.12812857478250603, -0.08387033512582828, 0.008150819058746412, -0.13062613341385923, -0.0035483987867614454, 0.005493696520798193, -0.009528911197413252, -0.0015947916422222345], [-0.04797355778367857, 0.04817414352287244, -0.11694433694768545, 0.09819679104115563, -0.09382377043746903, 0.04503792631612347, 0.08853920303918886, -0.04368123015858641, -0.07728995659113523, -0.009003574305651402, 0.19834375440660318, 0.05742819571420813, 0.07217949375503953, -0.01806703464011975, -0.03802661113666267, -0.2013171094753138], [0.15958538306770612, 0.10292473299684367, 0.04250146502483443, 0.06337459758728527, -0.037177864775417666, 0.2329023982371674, 0.0561754692547715, 0.17861718525297335, 0.06943603625015415, 0.131160090532343, -0.0016382433821874212, 0.15698890594012116, 0.0029054219773793663, 0.17201427162249247, 0.23752503748034318, -0.1353409275506172], [-0.14046471195109633, -0.02848211826692063, -0.07603716903551605, -0.09699182724303594, 0.10010610725754529, 0.17244937899524812, -0.126475510994531, -0.12565060280911225, 0.07721181234062781, -0.1475536810171397, 0.08583134939864277, 0.1339311559740583, 0.09672633303714635, 0.05144858937963493, -0.06092768490726491, -0.07442034509037972], [-0.03237280953273885, -0.16349900569861528, -0.0562717490475078, 0.1605476087131266, 0.14812095280274926, -0.054385412063241316, 0.0379643989931404, -0.05645109163309112, 0.04069010437302949, 0.011313484039372206, -0.1147802973504525, 0.1046955443739503, -0.013709251277630575, 0.11870962656823783, 0.08796270043357876, -0.11089112240429781], [0.14986461140913626, 0.037243810275613624, -0.03199175040873935, -0.11973807005077867, 0.10551323134042066, 0.1005496934537065, 0.08752122239175986, 0.1283549664370136, -0.03447904912571384, 0.12070629600153286, 0.010797163041397943, 0.3768166615282499, -0.028155560039416112, -0.005345595100174535, -0.03321334750768605, 0.1107635485364927], [-0.021828662702131935, 0.13135920171915777, 0.0978591767555172, -0.14661678289714727, -0.06508087615278595, -0.02749025697419178, 0.0740979505864905, 0.023130173609955864, -0.09808065379921588, 0.0813963070490094, -0.1522562426492917, -0.022551637341706683, 0.17908394375876754, 0.1603736727819345, -0.15441966601336385, -0.09106498286419337], [0.21820014004953697, 0.051443281406890605, -0.17776229767504187, 0.015538362111715099, 0.049024753765080614, 0.026631846128265062, 0.024495518064722544, -0.08827803950311597, 0.21657927630723087, 0.056244189935428124, -0.12248206270715821, -0.025393783073849648, 0.08674253369590519, -0.07740959734046479, -0.08486834366427642, -0.00034962871974439017], [-0.09357658731538174, -0.0764384794475599, -0.05460342538759578, -0.13057246159792735, -0.047989011536056156, 0.07496469929053386, -0.0996159282003476, -0.06653934053957768, -0.07575838804895758, -0.11166016532325243, -0.25080957327334397, -0.13960361468241914, -0.08383258440515252, 0.04014633358503192, 0.18662829333209005, -0.03513325554255689], [-0.0071711608295400645, -0.20641863322836, -0.07247572785529124, 0.0323845539608741, -0.25914614936385666, -0.13729921671045936, -0.03674006777188704, -0.07467051499468283, -0.12338803576224365, -0.2393495859171249, -0.11926504795797337, 0.16242691423185093, 0.048230836513842, -0.045159912152108066, -0.06881693493394424, 0.006356026094528307], [-0.029160608990923393, -0.026394804803608674, -0.013416292455121352, -0.0234922285949891, -0.026344202640489013, -0.012058745211005363, -0.012602023514322816, -0.014514798467985385, -0.011199398143655177, -0.009288483913394166, -0.033070648618717724, -0.013231101386590333, -0.016296051404235113, -0.007717452766142292, -0.015565673457884139, -0.0204523601485083], [0.03116620935097512, 0.05294121933746226, -0.062131391744231795, -0.1580272859629933, 0.08689180562546824, -0.13131224085925, -0.14582412584353996, -0.06857519606884835, -0.2502096179109132, -0.18059640119328818, -0.11343534784098679, -0.059105890655014516, 