{"weights": [-626.8061525545817, -23.044860368901453, -32.53597075563101, -15.777803715494326, 35.39664749675072, 21.214359063675793, -9.827818438091326, 9.7009802573698, 7.469432628956305, -49.875997098313036, -6.464905008062636, 38.338425284875996, -18.21492169680743, 62.961294657505, -32.17505481029953, 1.1339187221931195, 8.251457198455414, -35.10863213028502, 11.485359266607903, -11.033884962614763, 77.23603709363931, 0.72898663566218, 39.95167482255626, -33.511118786886, 46.13713725939954, 1023.2158245289194, -793.0919638078417, 247.59382167260682], "bias": -91.27433110381189, "feature_indices": [1, 2, 3, 4, 5, 6, 7, 8, 9, 10, 11, 12, 13, 14, 15, 16, 17, 18, 19, 20, 21, 22, 23, 24, 25], "learning_rate": 0.001}